{
  "train_mae": 11.725205685656507,
  "train_rmse": 16.699431034321154
}